scenario,scenario_note,policy_id,S,L,C,Cbar_zj,Cbar_cash,Cbar_childcare,Cbar_leave,Ebar_zj,share_observed,E_per_10k_yuan,cost_rank_asc,effect_rank_desc,ce_rank_desc
main_broad_q08_m012,"主结果：广义公共支出口径；q=0.8；m_L={0,1,2}",1-2-1,1,2,1,14115.994260416666,0.0,0.0,14115.994260416666,0.3575891059580797,0.75,0.2533219406023792,4,10,1
main_broad_q08_m012,"主结果：广义公共支出口径；q=0.8；m_L={0,1,2}",3-3-1,3,3,1,43646.32811458332,21599.999999999996,0.0,22046.32811458333,0.8375801760090991,0.8333333333333334,0.19190163575965116,17,2,2
main_broad_q08_m012,"主结果：广义公共支出口径；q=0.8；m_L={0,1,2}",1-3-1,1,3,1,22046.32811458333,0.0,0.0,22046.32811458333,0.4200796152325476,0.6666666666666666,0.19054402758102423,8,8,3
main_broad_q08_m012,"主结果：广义公共支出口径；q=0.8；m_L={0,1,2}",3-2-1,3,2,1,35715.99426041666,21599.999999999996,0.0,14115.994260416666,0.6390977962862652,0.8333333333333334,0.17893882265362687,14,3,4
main_broad_q08_m012,"主结果：广义公共支出口径；q=0.8；m_L={0,1,2}",3-1-2,3,1,2,27746.87499999999,21599.999999999996,6146.874999999998,0.0,0.4883422440506473,0.8333333333333334,0.1759990067532461,10,5,5
main_broad_q08_m012,"主结果：广义公共支出口径；q=0.8；m_L={0,1,2}",3-3-2,3,3,2,49793.20311458332,21599.999999999996,6146.874999999998,22046.32811458333,0.8620911046116242,0.8333333333333334,0.17313429357573043,18,1,6
